Salinas,CA,159506
Farmington,NM,46237
Lansing,MI,112115
San Marcos,TX,71569
Lynnwood,WA,43867
Springfield,IL,112544
Wichita Falls,TX,102691
Royal Oak,MI,57452
Everett,MA,50318
Encinitas,CA,60841
Lebanon,TN,48112
Kyle,TX,62548
Delano,CA,51500
Quincy,MA,101597
Richmond,CA,114106
Fairfield,CA,120768
Urbandale,IA,46729
Apple Valley,MN,55336
Campbell,CA,41700
Danville,VA,41837
Lakewood,WA,62303
National City,CA,55236
Leesburg,VA,49312
Smyrna,GA,56566
Bethlehem,PA,78300
Hayward,CA,155675
Warren,MI,136655
Montgomery,AL,195287
Madison,AL,60854
Gilbert,AZ,275411
Hillsboro,OR,107730
Denton,TX,158349
Dublin,OH,48923
Keller,TX,46316
Pensacola,FL,53724
Huntsville,AL,225564
Youngstown,OH,59108
Miami Gardens,FL,110717
Mountain View,CA,81785
Jupiter,FL,61291
Erie,PA,92957
El Cajon,CA,102991
St. Charles,MO,71800
Gary,IN,67652
Fort Worth,TX,978468
Bedford,TX,48370
Elyria,OH,53117
Tampa,FL,403364
Cranston,RI,82635
Plant City,FL,40571
East Orange,NJ,69556
Redding,CA,92727
Euless,TX,59686
Pawtucket,RI,75321
Palm Springs,CA,45218
Gulfport,MS,72823
Parma,OH,78951
Kettering,OH,56876
Riverton,UT,44854
Franklin,TN,88558
Columbia,MO,129330
York,PA,44867
Amarillo,TX,202408
Georgetown,TX,96312
Camden,NJ,71100
New Berlin,WI,40260
Portland,ME,69104
Troy,MI,87339
Bountiful,UT,44144
Columbus,IN,51522
Chesapeake,VA,253886
Beverly,MA,42318
Bartlett,TN,56030
Racine,WI,76602
Auburn,AL,82025
Tigard,OR,55590
Walnut Creek,CA,69152
Beaumont,TX,112193
Bellevue,WA,151574
Ontario,CA,182457
League City,TX,116320
Pittsfield,MA,43076
Baton Rouge,LA,219573
Bradenton,FL,57076
Eden Prairie,MN,62166
Cincinnati,OH,311097
Raleigh,NC,482295
Kalamazoo,MI,73126
Corvallis,OR,61087
Lynn,MA,101241
Gilroy,CA,58250
Fuquay-Varina,NC,43817
Beavercreek,OH,47193
Spokane,WA,229447
Alhambra,CA,79776
Riverside,CA,318858
Westfield,IN,57746
El Monte,CA,103794
St. Petersburg,FL,263553
Woodbury,MN,79538
Fort Smith,AR,89770
Winston-Salem,NC,252975
North Port,FL,88934
Burlington,NC,60032
Friendswood,TX,40826
Fort Wayne,IN,269994
Newnan,GA,44940
Carson City,NV,58036
Columbus,OH,913175
Sandy Springs,GA,105793
Joplin,MO,53095
Covington,KY,40972
Lowell,MA,114296
South San Francisco,CA,63123
Pittsburgh,PA,303255
Springfield,MA,153672
Louisville,KY,622981
North Richland Hills,TX,70658
Oshkosh,WI,66184
Prosper,TX,41660
Madera,CA,68079
San Clemente,CA,62313
Newport Beach,CA,82637
Margate,FL,58593
Oakland Park,FL,44105
Tacoma,WA,222906
Greenville,NC,90053
Rancho Santa Margarita,CA,46182
Parker,CO,62743
Weslaco,TX,43053
Citrus Heights,CA,86239
Grand Prairie,TX,202134
Prescott Valley,AZ,50045
Terre Haute,IN,58502
Downers Grove,IL,49706
Pflugerville,TX,65301
Lawrence,IN,49235
Coachella,CA,43590
San Rafael,CA,59555
Providence,RI,190792
Grand Junction,CO,69412
Huntersville,NC,64688
Shelton,CT,42144
Clifton,NJ,88461
Surprise,AZ,158285
Perth Amboy,NJ,55249
Salem,OR,177432
Glendale,CA,187050
Frisco,TX,225007
Escondido,CA,148122
Pompano Beach,FL,113619
Novi,MI,66314
Santa Clarita,CA,224028
Apache Junction,AZ,41153
Paterson,NJ,156452
Elizabeth,NJ,135829
Largo,FL,82248
Hesperia,CA,100633
Daytona Beach,FL,82485
La Mirada,CA,45505
Mission Viejo,CA,90624
Seattle,WA,755078
Grand Forks,ND,58921
Edinburg,TX,105799
Hampton,VA,137098
Irving,TX,254373
Cypress,CA,48782
New Haven,CT,135319
Chula Vista,CA,274333
Livermore,CA,82908
Jeffersonville,IN,51235
Berwyn,IL,54414
Hanford,CA,59938
Weston,FL,68181
Wilson,NC,47833
Des Plaines,IL,58010
Norwalk,CA,98078
Sioux Falls,SD,206410
Tucson,AZ,547239
San Angelo,TX,99262
Hackensack,NJ,45736
Iowa City,IA,75678
Rockwall,TX,52918
Hoboken,NJ,57010
Mishawaka,IN,50842
Wauwatosa,WI,47038
Attleboro,MA,46654
Chicopee,MA,54838
Fontana,CA,215465
Marana,AZ,58430
Kokomo,IN,59890
Weymouth Town,MA,59114
Topeka,KS,125475
Coconut Creek,FL,57694
Lenexa,KS,58536
La Habra,CA,60991
Marlborough,MA,41179
Carson,CA,91139
Southfield,MI,75687
Coeur d'Alene,ID,56894
Miramar,FL,138319
Palm Beach Gardens,FL,61146
Sunnyvale,CA,151967
Yorba Linda,CA,66147
Taylorsville,UT,57098
Rockville,MD,67297
St. Cloud,MN,71013
Bothell,WA,50213
Huntington Park,CA,51942
San Luis Obispo,CA,49244
Anchorage,AK,286075
Brookhaven,GA,57945
Wichita,KS,396119
Saginaw,MI,43185
Appleton,WI,74719
Bend,OR,104557
Rockford,IL,146120
Elkhart,IN,53484
Florissant,MO,51128
Eagan,MN,67396
Brentwood,CA,65126
Bossier City,LA,62738
Hempstead,NY,58225
Concord,NC,110119
Austin,TX,979882
San Bernardino,CA,223728
Shawnee,KS,69417
Huntington Beach,CA,192129
Haverhill,MA,67415
Queen Creek,AZ,76570
Billings,MT,120864
DeLand,FL,43009
San Jacinto,CA,55440
Bryan,TX,89615
Santa Clara,CA,131062
Davie,FL,107799
Arlington Heights,IL,74495
Cary,NC,180010
Wilkes-Barre,PA,44254
Mission,TX,87292
Glendora,CA,49934
West Haven,CT,54790
Charlottesville,VA,44983
Woburn,MA,41647
Daly City,CA,99833
Winter Haven,FL,57109
Lexington,KY,320154
West New York,NJ,50754
Casa Grande,AZ,63743
Lancaster,TX,40215
Washington,DC,678972
Colorado Springs,CO,488664
DeKalb,IL,40211
Harlingen,TX,71510
Albany,OR,57053
Eau Claire,WI,70542
Maricopa,AZ,71022
Caldwell,ID,68336
Kirkland,WA,91194
Pasadena,TX,146716
Morgan Hill,CA,44478
Fort Myers,FL,97372
Berkeley,CA,118962
Tamarac,FL,72372
Lake Elsinore,CA,73028
Vallejo,CA,122807
Springfield,OH,58082
Valdosta,GA,55025
Blaine,MN,73774
Wellington,FL,61634
Hattiesburg,MS,48414
Longview,TX,83236
Boca Raton,FL,99974
Methuen,MA,53455
Barnstable Town,MA,49709
Tulsa,OK,411894
Boise City,ID,235421
Tulare,CA,71092
San Marcos,CA,94188
Altoona,PA,42788
Delaware,OH,45158
Bozeman,MT,57305
Yakima,WA,96750
Manteca,CA,91059
Broken Arrow,OK,119194
Manhattan,KS,53682
Kansas City,KS,152933
Baytown,TX,84067
Asheville,NC,95056
Sheboygan,WI,49686
Davenport,IA,100354
Taunton,MA,60412
Murray,UT,49553
Sioux City,IA,85727
White Plains,NY,61288
Altamonte Springs,FL,45257
Des Moines,IA,210381
Pearland,TX,127736
Ankeny,IA,74458
Logan,UT,55250
West Jordan,UT,114908
Mesa,AZ,511648
St. Louis Park,MN,49697
Nampa,ID,114268
Minneapolis,MN,425115
Rio Rancho,NM,110660
Fargo,ND,133188
Grand Rapids,MI,196608
Pasco,WA,80038
Milpitas,CA,77321
Gainesville,GA,47265
Blacksburg,VA,45485
Bloomington,IL,78587
South Bend,IN,103395
Prescott,AZ,47757
Irvine,CA,314621
Worcester,MA,207621
Lawrence,MA,88172
Pueblo,CO,111077
Sayreville,NJ,45496
Medford,OR,85098
High Point,NC,116926
Placentia,CA,52192
Santa Barbara,CA,86499
Chapel Hill,NC,62043
Lakeville,MN,76243
Manassas,VA,42696
Dothan,AL,71258
Spanish Fork,UT,45557
Ogden,UT,87267
Draper,UT,49602
Paramount,CA,51072
San Francisco,CA,808988
Pico Rivera,CA,59189
Hartford,CT,119669
Stockton,CA,319543
Columbia,SC,142416
Orland Park,IL,57074
Waukesha,WI,70446
Anderson,IN,55199
Apopka,FL,59113
Denver,CO,716577
The Colony,TX,45471
Lake Stevens,WA,40521
Dunwoody,GA,51713
Oceanside,CA,170020
Miami,FL,455924
Reynoldsburg,OH,41220
Novato,CA,51722
Highland,CA,56202
Farmington Hills,MI,82528
Brockton,MA,104890
Westfield,MA,40509
Hamilton,OH,62997
Wheaton,IL,52938
Cape Girardeau,MO,40508
Coppell,TX,41404
Little Elm,TX,58496
Downey,CA,108816
Concord,CA,122315
Diamond Bar,CA,52041
Green Bay,WI,105744
Vancouver,WA,196442
Rosemead,CA,49305
Columbia,TN,47445
Lynchburg,VA,79535
Houston,TX,2314157
Annapolis,MD,40552
Mount Juliet,TN,42912
Fountain Valley,CA,55468
Vacaville,CA,102526
Goodyear,AZ,111805
Albany,NY,101228
Missouri City,TX,76773
Trenton,NJ,89620
Wilmington,NC,122698
Sacramento,CA,526384
Hickory,NC,44415
Middletown,CT,47984
Amherst Town,MA,40277
Lombard,IL,43779
Roanoke,VA,97171
Pomona,CA,145502
South Fulton,GA,110920
Lake Havasu City,AZ,59257
Chandler,AZ,280167
Rowlett,TX,66813
Cicero,IL,81004
Twin Falls,ID,54943
Westminster,CO,114875
Passaic,NJ,68903
Victoria,TX,65800
Sandy,UT,91943
Buffalo,NY,274678
Deerfield Beach,FL,87325
Hialeah,FL,221300
Flint,MI,79661
Norwalk,CT,92458
Bowie,MD,57254
Kingsport,TN,56704
Peabody,MA,54056
Schertz,TX,43239
Lacey,WA,58326
Plainfield,NJ,54670
Temecula,CA,110682
Glenview,IL,46904
Charlotte,NC,911311
Lompoc,CA,43045
Pittsburg,CA,75803
Leander,TX,80067
Waco,TX,144816
Plainfield,IL,47448
Cerritos,CA,46797
St. Peters,MO,59413
Gardena,CA,58377
St. Paul,MN,303820
Belleville,IL,40726
Chico,CA,101301
Goose Creek,SC,49249
Kennewick,WA,85158
Midwest City,OK,58086
West Palm Beach,FL,124130
Arlington,TX,398431
Warwick,RI,82999
New Orleans,LA,364136
San Antonio,TX,1495295
Shoreline,WA,61353
Waltham,MA,64477
Jackson,MS,143709
Mentor,OH,46929
Euclid,OH,48212
Pinellas Park,FL,53456
San Buenaventura (Ventura),CA,109058
St. George,UT,104578
Yucaipa,CA,53947
Wentzville,MO,47497
Tinley Park,IL,53886
Malden,MA,65133
Cupertino,CA,57285
Kannapolis,NC,59321
Hollywood,FL,153859
Palmdale,CA,161404
Antioch,CA,117096
Fullerton,CA,139250
Olive Branch,MS,47029
Atlanta,GA,510823
Idaho Falls,ID,68001
Tempe,AZ,189834
Binghamton,NY,46727
Suffolk,VA,100659
Clovis,CA,125826
Santa Maria,CA,109987
Tyler,TX,110327
Thornton,CO,144922
Arvada,CO,121414
Athens-Clarke County,GA,128628
Manchester,NH,115474
Lafayette,IN,71216
Waterbury,CT,114990
Rochester,MN,122413
Las Cruces,NM,114892
Virginia Beach,VA,453649
Ormond Beach,FL,44277
West Valley City,UT,134470
Rochester,NY,207274
Greenacres,FL,44103
Kiryas Joel,NY,41857
Troy,NY,50607
Inglewood,CA,102865
Sumter,SC,42766
Mount Pleasant,SC,95232
Santee,CA,59478
Enid,OK,50577
Springfield,MO,170188
Moreno Valley,CA,212392
Lorain,OH,65337
Woonsocket,RI,43135
Redmond,WA,80280
Pocatello,ID,58064
Cambridge,MA,118214
Ames,IA,65686
Olathe,KS,147461
Cedar Rapids,IA,135958
Fort Lauderdale,FL,184255
Jefferson City,MO,42552
Pembroke Pines,FL,171119
Great Falls,MT,60422
Augusta-Richmond County,GA,200884
Oak Park,IL,52055
Newport News,VA,183118
Mankato,MN,45742
La Crosse,WI,51327
Savannah,GA,147748
Minot,ND,47373
Hollister,CA,44658
Flower Mound,TX,79445
Rosenberg,TX,41104
Lancaster,OH,41422
Vineland,NJ,60797
Littleton,CO,44451
Lee's Summit,MO,104184
New Britain,CT,74080
Marion,IA,42213
Hendersonville,TN,63618
Peoria,IL,110460
San Bruno,CA,41327
Midlothian,TX,41352
Moorhead,MN,45202
Owensboro,KY,60140
Lakewood,CA,78135
Commerce City,CO,68245
Lauderhill,FL,73974
Sterling Heights,MI,133306
Fremont,CA,226208
Westland,MI,82574
Hoffman Estates,IL,50179
Fitchburg,MA,41579
St. Joseph,MO,70634
Fort Pierce,FL,49374
Lancaster,PA,57153
New Rochelle,NY,83742
Orange,CA,138337
Doral,FL,79359
Ocoee,FL,49261
Beaumont,CA,58463
Niagara Falls,NY,47599
Folsom,CA,84782
Dearborn Heights,MI,60872
Perris,CA,80603
Bloomington,IN,78840
Peachtree Corners,GA,42136
Lewisville,TX,133553
Sparks,NV,110323
New York,NY,8258035
Kent,WA,133378
Sanford,FL,65394
Linden,NJ,43950
Redwood City,CA,80996
Roswell,GA,91706
State College,PA,40687
South Jordan,UT,84528
Coral Gables,FL,48353
Florence,SC,40609
Revere,MA,57954
Oviedo,FL,41231
Tustin,CA,77704
Charleston,WV,46838
Montebello,CA,60015
Los Banos,CA,48553
Tuscaloosa,AL,111338
St. Clair Shores,MI,57548
Gallatin,TN,50355
Santa Ana,CA,310539
Roseville,MI,46666
Battle Creek,MI,52175
Westminster,CA,88729
Lakewood,OH,49337
Syracuse,NY,145560
Livonia,MI,92185
San Ramon,CA,84929
Norfolk,VA,230930
Eugene,OR,177899
West Des Moines,IA,72205
Elgin,IL,113310
Bentonville,AR,59471
Modesto,CA,218915
La Mesa,CA,60537
Lincoln,NE,294757
Boulder,CO,105898
Cheyenne,WY,65168
Reno,NV,274915
Minnetonka,MN,52463
El Centro,CA,43772
Lubbock,TX,266878
Stonecrest,GA,60677
Frederick,MD,85793
Arcadia,CA,54157
Baltimore,MD,565239
Buckeye,AZ,108909
Memphis,TN,618639
Warner Robins,GA,84537
Indianapolis,IN,879293
Bonita Springs,FL,56229
Jonesboro,AR,80650
Menifee,CA,113433
Thousand Oaks,CA,123463
Akron,OH,188701
Plantation,FL,96548
Johnson City,TN,73337
Bakersfield,CA,413381
Sherman,TX,47473
New Bedford,MA,100695
Bellevue,NE,63922
Long Beach,CA,449468
Centennial,CO,106883
Edmonds,WA,42701
Shakopee,MN,47158
Longmont,CO,98630
Bellflower,CA,75122
Grapevine,TX,50928
Dallas,TX,1302868
Wilmington,DE,71675
Moore,OK,63470
Herriman,UT,60049
North Little Rock,AR,64531
Tallahassee,FL,202221
Mansfield,TX,78542
Texas City,TX,56609
Auburn,WA,83870
Buffalo Grove,IL,42482
Newark,OH,51046
Fulshear,TX,42616
Pleasanton,CA,74653
Cedar Falls,IA,40737
Dubuque,IA,58877
Santa Cruz,CA,61501
Kentwood,MI,53987
Glendale,AZ,253855
Lincoln,CA,54538
New Braunfels,TX,110958
Castle Rock,CO,81415
McKinney,TX,213509
Odessa,TX,115743
Porterville,CA,62876
Hallandale Beach,FL,41547
North Charleston,SC,121469
Buena Park,CA,81958
Ann Arbor,MI,119381
College Station,TX,125192
Merced,CA,93692
Cape Coral,FL,224455
Haltom City,TX,45290
Independence,MO,120922
Columbus,GA,201877
Rancho Cordova,CA,82605
Port Arthur,TX,55547
Lafayette,LA,121467
Madison,WI,280305
Milwaukee,WI,561385
Oxnard,CA,198488
Skokie,IL,64937
Yonkers,NY,207657
Sierra Vista,AZ,44431
St. Louis,MO,281754
Springfield,OR,61085
San Mateo,CA,101327
Greenwood,IN,66296
Oak Lawn,IL,55734
Allen,TX,111620
Plymouth,MN,77648
Brooklyn Park,MN,82017
Palm Bay,FL,135566
Eagle Mountain,UT,56932
Turlock,CA,72100
Muncie,IN,65081
Rocklin,CA,73472
Newark,NJ,304960
Woodland,CA,61123
Sugar Land,TX,108515
South Gate,CA,90070
Homestead,FL,81659
Plano,TX,290190
Midland,TX,138397
Abilene,TX,129043
Middletown,OH,51478
Layton,UT,83516
Azusa,CA,48272
Rapid City,SD,79404
Southaven,MS,56851
Burien,WA,50730
Laredo,TX,257602
Union City,NJ,64462
Garland,TX,243470
Titusville,FL,49680
San Leandro,CA,85784
DeSoto,TX,55740
Brea,CA,48479
Bloomington,MN,87398
Baldwin Park,CA,68806
Charleston,SC,155369
Lodi,CA,67679
Richardson,TX,117435
Decatur,IL,68670
Harrisonburg,VA,51082
Decatur,AL,58321
Kansas City,MO,510704
Carlsbad,CA,113495
Hoover,AL,92448
Brighton,CO,42477
Apex,NC,72225
Sarasota,FL,57602
Durham,NC,296186
Oakland,CA,436504
Kenosha,WI,98211
Philadelphia,PA,1550542
Salina,KS,45792
Ceres,CA,48397
Cedar Park,TX,77516
Burlington,VT,44528
Kissimmee,FL,81269
El Paso,TX,678958
Saratoga Springs,UT,52532
Tracy,CA,98010
Nashville,TN,687788
Little Rock,AR,203842
Portsmouth,VA,96793
Omaha,NE,483335
Sammamish,WA,65116
Knoxville,TN,198162
Monterey Park,CA,57877
Yuba City,CA,68666
Huntington,WV,45325
Chattanooga,TN,187030
Mount Vernon,NY,71168
Aurora,IL,177563
Orlando,FL,320742
Elk Grove,CA,178444
Henderson,NV,337305
Cottage Grove,MN,42056
Medford,MA,58744
Redondo Beach,CA,67749
Beaverton,OR,96945
O'Fallon,MO,94074
Wake Forest,NC,54337
Lancaster,CA,166236
Hammond,IN,76193
Victorville,CA,138869
Wyoming,MI,77451
Roswell,NM,47109
Owasso,OK,41162
Taylor,MI,61241
Cleveland Heights,OH,43908
Burleson,TX,55220
Hemet,CA,92368
Dayton,OH,135512
Burbank,CA,102755
Holly Springs,NC,46271
Rohnert Park,CA,44546
Richmond,VA,229247
Biloxi,MS,48235
Lynwood,CA,63234
Indian Trail,NC,42854
Round Rock,TX,130406
Broomfield,CO,76860
Burnsville,MN,64772
Killeen,TX,159643
Melbourne,FL,86960
Harrisburg,PA,50012
Yuma,AZ,100858
Lakewood,CO,155961
Honolulu,HI,341778
Apple Valley,CA,75036
Watsonville,CA,50867
Jacksonville,FL,985843
Flagstaff,AZ,76586
Joliet,IL,150489
Vista,CA,98344
Clarksville,TN,180716
Newark,CA,46929
Peoria,AZ,198750
Palm Coast,FL,102113
Chino Hills,CA,77212
Schaumburg,IL,75750
Oakley,CA,45761
Santa Fe,NM,89167
Jersey City,NJ,291657
Midland,MI,42663
Coral Springs,FL,134906
Orem,UT,95519
Palatine,IL,64869
West Sacramento,CA,55842
Corona,CA,160238
Anaheim,CA,340512
Torrance,CA,139224
Union City,CA,65414
Janesville,WI,66102
Los Angeles,CA,3820914
Corpus Christi,TX,316595
Greer,SC,44387
Poway,CA,48051
Gresham,OR,110685
Post Falls,ID,44798
Mobile,AL,182595
Temple,TX,93095
Spring Hill,TN,57637
Missoula,MT,77757
Albany,GA,66877
Allentown,PA,124880
Hagerstown,MD,43553
Murfreesboro,TN,165430
Rancho Cucamonga,CA,174405
Coon Rapids,MN,63377
Provo,UT,113343
Somerville,MA,80407
Fayetteville,NC,209749
Bismarck,ND,75092
Edmond,OK,98103
Bellingham,WA,94720
Covina,CA,48728
St. Cloud,FL,66448
Fort Collins,CO,170376
Maple Grove,MN,71288
Spokane Valley,WA,108235
Fond du Lac,WI,44300
Dublin,CA,69128
Chino,CA,93114
Kenner,LA,63333
Eastvale,CA,70510
North Las Vegas,NV,284771
Miami Beach,FL,79607
Milton,GA,41383
Renton,WA,104491
Las Vegas,NV,660929
Clearwater,FL,116850
Jackson,TN,68264
Waxahachie,TX,47201
Champaign,IL,89189
Alexandria,VA,155230
Portland,OR,630498
Huntsville,TX,48552
Petaluma,CA,58800
Aliso Viejo,CA,50263
Whittier,CA,84143
West Lafayette,IN,44829
Smyrna,TN,57418
Scottsdale,AZ,244394
Meridian,ID,134801
Federal Way,WA,97701
Laguna Niguel,CA,62899
Elmhurst,IL,45336
Colton,CA,53357
Mount Prospect,IL,54298
Fishers,IN,104094
Stillwater,OK,49525
Olympia,WA,55733
Rock Hill,SC,75654
Millcreek,UT,62205
Wylie,TX,61078
Greeley,CO,112609
Concord,NH,44629
Germantown,TN,40267
Everett,WA,111180
Cedar Hill,TX,48411
Shreveport,LA,177959
Birmingham,AL,196644
Lakeland,FL,122264
Bolingbrook,IL,74088
Lawrence,KS,96207
Mesquite,TX,147317
Lehi,UT,90227
Grove City,OH,42782
North Miami Beach,FL,42789
Simi Valley,CA,125113
Palo Alto,CA,65882
Leominster,MA,43627
Jacksonville,NC,72879
Lake Forest,CA,85840
Santa Monica,CA,89922
Alexandria,LA,43466
Phoenix,AZ,1650070
Danville,CA,42999
Casper,WY,58720
Napa,CA,77492
Windsor,CO,40349
Huber Heights,OH,43313
Brentwood,TN,45265
Galveston,TX,53237
Carrollton,TX,132918
Garden Grove,CA,168234
Fall River,MA,93840
Bristol,CT,61601
Scranton,PA,75805
Reading,PA,94903
Macon-Bibb County,GA,156512
Mansfield,OH,47711
Gainesville,FL,145812
Conway,AR,69580
Port St. Lucie,FL,245021
Blue Springs,MO,60539
West Allis,WI,58874
Moline,IL,41965
Schenectady,NY,68544
Romeoville,IL,40955
Waterloo,IA,66606
Alameda,CA,75353
Compton,CA,90986
Greenville,SC,72824
Chicago,IL,2664452
Rocky Mount,NC,54245
Cathedral City,CA,52356
Fayetteville,AR,101680
Boston,MA,653833
North Miami,FL,59008
Noblesville,IN,73916
Deltona,FL,98739
Framingham,MA,71875
Edina,MN,53348
Puyallup,WA,42179
McAllen,TX,146593
Gastonia,NC,83942
Costa Mesa,CA,108354
Lake Worth Beach,FL,43346
Summerville,SC,51884
Visalia,CA,144998
Evanston,IL,75070
New Brunswick,NJ,55846
Cutler Bay,FL,43762
Meriden,CT,60111
Cuyahoga Falls,OH,50742
Bayonne,NJ,70300
Port Orange,FL,65966
Indio,CA,93057
Normal,IL,52618
Newton,MA,88415
Gaithersburg,MD,69563
Rogers,AR,74035
Bremerton,WA,45450
San Jose,CA,969655
Loveland,CO,79352
Oklahoma City,OK,702767
West Covina,CA,105617
Danbury,CT,86124
Grand Island,NE,52622
Marysville,WA,72916
North Lauderdale,FL,44784
Richland,WA,63757
Freeport,NY,43756
Camarillo,CA,69514
Murrieta,CA,111878
Celina,TX,43317
Winter Garden,FL,47294
Roseville,CA,159135
Dearborn,MI,105811
Pontiac,MI,61689
Brookfield,WI,41884
Cleveland,TN,49086
Sunrise,FL,96808
Alpharetta,GA,67056
Crystal Lake,IL,40861
Stamford,CT,136226
San Diego,CA,1388320
Marietta,GA,62769
Canton,OH,69197
Florence,AL,42437
Rochester Hills,MI,76002
Albuquerque,NM,560274
Naperville,IL,150245
Toledo,OH,265304
Avondale,AZ,93545
Detroit,MI,633218
Upland,CA,78699
Mooresville,NC,53721
Palm Desert,CA,51951
Jurupa Valley,CA,107321
Portage,MI,49302
Oro Valley,AZ,48311
Milford,CT,50421
Carmel,IN,102296
Boynton Beach,FL,81267
Overland Park,KS,197089
Clermont,FL,48621
Bridgeport,CT,148028
Delray Beach,FL,67536
Hawthorne,CA,83364
Cleveland,OH,362656
Monroe,LA,46616
Greensboro,NC,302296
Waukegan,IL,87642
Bullhead City,AZ,43302
Collierville,TN,51317
Utica,NY,63607
Springdale,AR,88224
Pharr,TX,80410
Pasadena,CA,133560
Brownsville,TX,190158
Strongsville,OH,45511
Salt Lake City,UT,209593
Fresno,CA,545716
Aurora,CO,395052
East Providence,RI,46900
Johns Creek,GA,81108
Duluth,MN,87680
Fairfield,OH,44447
Lake Charles,LA,79633
Lawton,OK,90245
Nashua,NH,91003
Council Bluffs,IA,62399
Conroe,TX,108248
Evansville,IN,115332
Chesterfield,MO,49166
Salem,MA,44744
Norman,OK,130046
Rialto,CA,103391
West Fargo,ND,40400
Redlands,CA,72556
Davis,CA,65832
Santa Rosa,CA,175845
Bowling Green,KY,76212
Ocala,FL,68426
East Lansing,MI,48528
