Alaska,AK
Delaware,DE
Missouri,MO
New Hampshire,NH
Florida,FL
California,CA
Michigan,MI
South Dakota,SD
Oregon,OR
Indiana,IN
Maryland,MD
New Mexico,NM
Rhode Island,RI
North Carolina,NC
Pennsylvania,PA
Tennessee,TN
Louisiana,LA
Massachusetts,MA
Texas,TX
Colorado,CO
Connecticut,CT
Virginia,VA
New York,NY
Georgia,GA
Minnesota,MN
Washington,WA
Kentucky,KY
Kansas,KS
Idaho,ID
Wisconsin,WI
Oklahoma,OK
West Virginia,WV
Alabama,AL
Vermont,VT
Montana,MT
Arkansas,AR
New Jersey,NJ
Mississippi,MS
North Dakota,ND
South Carolina,SC
Utah,UT
Wyoming,WY
Nebraska,NE
Iowa,IA
District of Columbia,DC
Ohio,OH
Maine,ME
Arizona,AZ
Hawaii,HI
Illinois,IL
Nevada,NV
